Ligand name;Target name;targetSpecies;primaryTarget;type;action;pKi
cetirizine;H1 receptor;Human;TRUE;Antagonist;Inverse agonist;8.5
17beta-estradiol;GPER;Human;FALSE;Agonist;Full agonist;8.3
abarelix;GnRH1 receptor;Human;TRUE;Antagonist;Antagonist;9.3
acebutolol;beta1-adrenoceptor;Human;TRUE;Antagonist;Antagonist;6.4
ACTH;MC1 receptor;Human;FALSE;Agonist;Agonist;8.6
ACTH;MC3 receptor;Human;FALSE;Agonist;Agonist;7.1
ACTH;MC4 receptor;Human;FALSE;Agonist;Agonist;6.2
ACTH;MC5 receptor;Human;FALSE;Agonist;Agonist;5.0
adenosine;A1 receptor;Human;TRUE;Agonist;Agonist;7.0
adenosine;A2A receptor;Human;FALSE;Agonist;Agonist;6.5
adenosine;A2B receptor;Human;FALSE;Agonist;Agonist;4.8
adenosine;A3 receptor;Human;FALSE;Agonist;Agonist;6.5
adomeglivant;glucagon receptor;Human;FALSE;Antagonist;Antagonist;8.2
adrenaline;alpha1A-adrenoceptor;Human;FALSE;Agonist;Full agonist;6.4
adrenaline;alpha1B-adrenoceptor;Human;FALSE;Agonist;Full agonist;6.5
adrenaline;alpha1D-adrenoceptor;Human;TRUE;Agonist;Full agonist;7.2
adrenaline;alpha2A-adrenoceptor;Human;TRUE;Agonist;Full agonist;6.6
adrenaline;alpha2B-adrenoceptor;Human;FALSE;Agonist;Agonist;5.2
adrenaline;alpha2C-adrenoceptor;Human;FALSE;Agonist;Agonist;5.8
adrenaline;beta1-adrenoceptor;Human;FALSE;Agonist;Agonist;5.7
adrenaline;beta2-adrenoceptor;Human;FALSE;Agonist;Full agonist;6.0
adrenaline;beta3-adrenoceptor;Human;FALSE;Agonist;Agonist;3.9
afamelanotide;MC3 receptor;Human;FALSE;Agonist;Full agonist;8.9
afamelanotide;MC4 receptor;Human;FALSE;Agonist;Full agonist;8.6
agomelatine;5-HT2A receptor;Human;FALSE;Antagonist;Antagonist;5.4
agomelatine;5-HT2B receptor;Human;FALSE;Antagonist;Antagonist;6.6
agomelatine;5-HT2C receptor;Human;FALSE;Antagonist;Antagonist;6.2
agomelatine;MT1 receptor;Human;TRUE;Agonist;Full agonist;10.2
agomelatine;MT2 receptor;Human;TRUE;Agonist;Full agonist;10.2
alfuzosin;alpha1A-adrenoceptor;Human;TRUE;Antagonist;Antagonist;8.1
alfuzosin;alpha1B-adrenoceptor;Human;TRUE;Antagonist;Antagonist;8.6
alfuzosin;alpha1D-adrenoceptor;Human;TRUE;Antagonist;Antagonist;8.4
alimemazine;H1 receptor;Bovine;FALSE;Antagonist;Antagonist;9.1
alprenolol;beta2-adrenoceptor;Human;TRUE;Antagonist;Antagonist;9.0
alvimopan;delta receptor;Human;FALSE;Antagonist;Antagonist;7.9
alvimopan;kappa receptor;Human;FALSE;Antagonist;Antagonist;7.0
alvimopan;mu receptor;Human;TRUE;Antagonist;Antagonist;9.3
amisulpride;D2 receptor;Human;TRUE;Antagonist;Antagonist;7.9
amisulpride;D3 receptor;Rat;FALSE;Antagonist;Antagonist;7.4
amitriptyline;5-HT2A receptor;Rat;FALSE;Antagonist;Antagonist;8.2
amitriptyline;5-HT2C receptor;Rat;FALSE;Antagonist;Antagonist;8.1
amitriptyline;5-HT6 receptor;Human;FALSE;Antagonist;Antagonist;7.0
amitriptyline;5-HT7 receptor;Mouse/Rat;FALSE;Antagonist;Antagonist;6.8
amitriptyline;H1 receptor;Human;TRUE;Antagonist;Antagonist;9.3
amitriptyline;M1 receptor;Human;TRUE;Antagonist;Antagonist;7.8
amitriptyline;M2 receptor;Human;TRUE;Antagonist;Antagonist;7.9
amitriptyline;M3 receptor;Human;TRUE;Antagonist;Antagonist;7.9
amitriptyline;M4 receptor;Human;TRUE;Antagonist;Antagonist;8.1
amitriptyline;M5 receptor;Human;TRUE;Antagonist;Antagonist;7.8
amoxapine;5-HT2A receptor;Rat;FALSE;Antagonist;Antagonist;9.0
amoxapine;5-HT2C receptor;Rat;FALSE;Antagonist;Antagonist;8.7
amoxapine;5-HT6 receptor;Human;FALSE;Antagonist;Antagonist;7.3
amoxapine;5-HT7 receptor;Rat;FALSE;Antagonist;Antagonist;7.4
apomorphine;5-HT1A receptor;Human;FALSE;Agonist;Partial agonist;6.9
apomorphine;5-HT2A receptor;Human;FALSE;Antagonist;Antagonist;6.9
apomorphine;5-HT2B receptor;Human;FALSE;Antagonist;Antagonist;6.9
apomorphine;5-HT2C receptor;Human;FALSE;Antagonist;Antagonist;7.0
apomorphine;alpha2A-adrenoceptor;Human;FALSE;Agonist;Partial agonist;6.9
apomorphine;alpha2B-adrenoceptor;Human;FALSE;Antagonist;Antagonist;7.2
apomorphine;alpha2C-adrenoceptor;Human;FALSE;Antagonist;Antagonist;7.4
apomorphine;D1 receptor;Human;FALSE;Agonist;Full agonist;5.7
apomorphine;D2 receptor;Human;TRUE;Agonist;Partial agonist;6.5
apomorphine;D3 receptor;Human;TRUE;Agonist;Partial agonist;6.8
apomorphine;D4 receptor;Human;TRUE;Agonist;Partial agonist;8.4
apomorphine;D5 receptor;Human;FALSE;Agonist;Partial agonist;7.1
apraclonidine;alpha2A-adrenoceptor;Human;TRUE;Agonist;Agonist;8.5
apraclonidine;alpha2C-adrenoceptor;Human;TRUE;Agonist;Agonist;7.5
aprepitant;NK1 receptor;Human;TRUE;Antagonist;Antagonist;10.1
arformoterol;beta1-adrenoceptor;Human;FALSE;Agonist;Agonist;6.5
arformoterol;beta2-adrenoceptor;Human;TRUE;Agonist;Agonist;8.6
aripiprazole;5-HT1A receptor;Human;FALSE;Agonist;Partial agonist;8.2
aripiprazole;5-HT1B receptor;Human;FALSE;Agonist;Full agonist;6.1
aripiprazole;5-HT1D receptor;Human;FALSE;Agonist;Full agonist;7.2
aripiprazole;5-HT2A receptor;Human;FALSE;Agonist;Partial agonist;7.8
aripiprazole;5-HT2C receptor;Human;FALSE;Agonist;Partial agonist;7.6
aripiprazole;5-HT6 receptor;Rat;FALSE;Antagonist;Antagonist;6.8
aripiprazole;5-HT7 receptor;Rat;FALSE;Agonist;Partial agonist;7.8
aripiprazole;D2 receptor;Human;TRUE;Agonist;Partial agonist;9.1
aripiprazole;D4 receptor;Rat;FALSE;Antagonist;Antagonist;7.3
aripiprazole;H1 receptor;Human;FALSE;Antagonist;Antagonist;7.5
asenapine;5-HT1A receptor;Human;FALSE;Agonist;Full agonist;8.1
asenapine;5-HT1B receptor;Human;FALSE;Agonist;Full agonist;8.1
asenapine;5-HT1D receptor;Human;FALSE;Agonist;Full agonist;8.4
asenapine;5-ht1e receptor;Human;FALSE;Agonist;Full agonist;8.0
asenapine;5-HT2A receptor;Human;TRUE;Antagonist;Antagonist;10.2
asenapine;D2 receptor;Human;TRUE;Antagonist;Antagonist;8.9
asenapine;H1 receptor;Human;FALSE;Antagonist;Antagonist;9.8
astemizole;H1 receptor;Human;TRUE;Antagonist;Antagonist;8.5
atenolol;beta1-adrenoceptor;Human;TRUE;Antagonist;Antagonist;7.1
atenolol;beta2-adrenoceptor;Human;FALSE;Antagonist;Antagonist;5.8
atosiban;OT receptor;Human;FALSE;Antagonist;Antagonist;6.8
atosiban;V1A receptor;Human;FALSE;Antagonist;Antagonist;8.4
atosiban;V1B receptor;Human;FALSE;Antagonist;Antagonist;6.4
atosiban;V2 receptor;Human;FALSE;Antagonist;Antagonist;5.7
atropine;M1 receptor;Human;TRUE;Antagonist;Antagonist;9.0
atropine;M2 receptor;Human;TRUE;Antagonist;Antagonist;8.5
atropine;M3 receptor;Human;TRUE;Antagonist;Antagonist;9.3
atropine;M4 receptor;Human;FALSE;Antagonist;Antagonist;9.1
atropine;M5 receptor;Human;FALSE;Antagonist;Antagonist;9.5
azelastine;H1 receptor;Human;TRUE;Antagonist;Antagonist;8.9
baclofen;GABAB receptor;Human;TRUE;Agonist;Full agonist;5.2
benperidol;D2 receptor;Human;FALSE;Antagonist;Antagonist;10.6
benperidol;D4 receptor;Human;FALSE;Antagonist;Antagonist;10.2
benzatropine;M1 receptor;Rat;FALSE;Antagonist;Antagonist;9.0
benzatropine;M2 receptor;Rat;FALSE;Antagonist;Antagonist;8.6
benzquinamide;D2 receptor;Human;TRUE;Agonist;Agonist;5.4
betaxolol;beta1-adrenoceptor;Human;TRUE;Antagonist;Antagonist;8.8
betaxolol;beta2-adrenoceptor;Human;FALSE;Antagonist;Antagonist;7.2
bethanechol;M1 receptor;Human;FALSE;Agonist;Full agonist;4.0
bethanechol;M2 receptor;Human;TRUE;Agonist;Full agonist;4.0
bethanechol;M3 receptor;Human;TRUE;Agonist;Full agonist;4.2
bethanechol;M4 receptor;Human;FALSE;Agonist;Full agonist;4.0
blonanserin;5-HT2A receptor;Human;TRUE;Antagonist;Antagonist;9.1
blonanserin;D2 receptor;Human;TRUE;Antagonist;Antagonist;9.9
bosentan;ETB receptor;Human;TRUE;Antagonist;Antagonist;7.1
brexpiprazole;D2 receptor;Human;FALSE;Agonist;Partial agonist;9.5
brimonidine;alpha2A-adrenoceptor;Human;TRUE;Agonist;Full agonist;7.6
brimonidine;alpha2B-adrenoceptor;Human;TRUE;Agonist;Partial agonist;7.1
brimonidine;alpha2C-adrenoceptor;Human;TRUE;Agonist;Partial agonist;6.6
bromocriptine;5-HT1A receptor;Human;FALSE;Agonist;Partial agonist;7.9
bromocriptine;5-HT1B receptor;Human;FALSE;Agonist;Partial agonist;6.5
bromocriptine;5-HT1D receptor;Human;FALSE;Agonist;Partial agonist;8.0
bromocriptine;5-HT2A receptor;Human;FALSE;Agonist;Partial agonist;7.0
bromocriptine;5-HT2B receptor;Human;FALSE;Antagonist;Antagonist;7.3
bromocriptine;5-HT2C receptor;Human;FALSE;Agonist;Partial agonist;6.1
bromocriptine;5-HT6 receptor;Human;FALSE;Agonist;Full agonist;7.5
bromocriptine;5-HT7 receptor;Rat;FALSE;Agonist;Full agonist;7.7
bromocriptine;alpha2A-adrenoceptor;Human;FALSE;Antagonist;Antagonist;8.0
bromocriptine;alpha2B-adrenoceptor;Human;FALSE;Antagonist;Antagonist;7.5
bromocriptine;alpha2C-adrenoceptor;Human;FALSE;Antagonist;Antagonist;7.6
bromocriptine;D1 receptor;Human;FALSE;Agonist;Partial agonist;6.2
bromocriptine;D2 receptor;Human;TRUE;Agonist;Full agonist;7.8
bromocriptine;D3 receptor;Human;TRUE;Agonist;Partial agonist;7.6
bromocriptine;D4 receptor;Human;TRUE;Antagonist;Antagonist;6.4
bromocriptine;D5 receptor;Human;FALSE;Agonist;Full agonist;6.3
bupranolol;beta1-adrenoceptor;Human;TRUE;Antagonist;Antagonist;8.1
bupranolol;beta2-adrenoceptor;Human;TRUE;Antagonist;Antagonist;8.7
bupranolol;beta3-adrenoceptor;Human;TRUE;Antagonist;Antagonist;7.0
buprenorphine;kappa receptor;Human;TRUE;Antagonist;Antagonist;9.6
buprenorphine;mu receptor;Human;TRUE;Agonist;Partial agonist;8.8
buserelin;GnRH1 receptor;Human;FALSE;Agonist;Full agonist;9.7
buspirone;5-HT1A receptor;Human;TRUE;Agonist;Partial agonist;7.8
buspirone;5-HT7 receptor;Rat/Mouse;FALSE;Agonist;Partial agonist/Antagonist;6.4
butorphanol;kappa receptor;Human;TRUE;Agonist;Partial agonist;9.9
butorphanol;mu receptor;Human;TRUE;Agonist;Partial agonist;9.9
cabergoline;5-HT1A receptor;Human;FALSE;Agonist;Full agonist;7.7
cabergoline;5-HT1B receptor;Human;FALSE;Agonist;Full agonist;6.3
cabergoline;5-HT1D receptor;Human;FALSE;Agonist;Partial agonist;8.1
cabergoline;5-HT2A receptor;Human;FALSE;Agonist;Full agonist;8.2
cabergoline;5-HT2B receptor;Human;FALSE;Agonist;Full agonist;8.9
cabergoline;5-HT2C receptor;Human;FALSE;Agonist;Full agonist;6.2
cabergoline;alpha1A-adrenoceptor;Human;FALSE;Antagonist;Antagonist;6.5
cabergoline;alpha2A-adrenoceptor;Human;FALSE;Antagonist;Antagonist;7.9
cabergoline;alpha2B-adrenoceptor;Human;FALSE;Antagonist;Antagonist;7.1
cabergoline;alpha2C-adrenoceptor;Human;FALSE;Antagonist;Antagonist;7.7
cabergoline;D1 receptor;Human;FALSE;Agonist;Full agonist;6.7
cabergoline;D2 receptor;Human;TRUE;Agonist;Partial agonist;9.1
cabergoline;D3 receptor;Human;FALSE;Agonist;Partial agonist;9.1
cabergoline;D4 receptor;Human;FALSE;Agonist;Partial agonist;7.3
cabergoline;D5 receptor;Human;FALSE;Agonist;Full agonist;7.7
caffeine;A1 receptor;Human;TRUE;Antagonist;Antagonist;4.6
caffeine;A2A receptor;Human;TRUE;Antagonist;Antagonist;4.8
caffeine;A2B receptor;Human;TRUE;Antagonist;Antagonist;4.7
caffeine;A3 receptor;Human;TRUE;Antagonist;Antagonist;4.9
calcitonin (salmon);AMY1 receptor;Rat;FALSE;Agonist;Full agonist;9.0
calcitonin (salmon);AMY3 receptor;Rat;FALSE;Agonist;Full agonist;8.2
carazolol;beta2-adrenoceptor;Human;FALSE;Antagonist;Antagonist;9.9
carazolol;beta3-adrenoceptor;Human;FALSE;Agonist;Full agonist;8.7
carbachol;M1 receptor;Human;FALSE;Agonist;Full agonist;4.1
carbachol;M2 receptor;Human;FALSE;Agonist;Full agonist;4.9
carbachol;M3 receptor;Human;TRUE;Agonist;Full agonist;4.2
carbachol;M4 receptor;Human;FALSE;Agonist;Full agonist;4.6
carbachol;M5 receptor;Human;FALSE;Agonist;Full agonist;4.9
cariprazine;D2 receptor;Human;FALSE;Agonist;Partial agonist;8.2
cariprazine;D3 receptor;Human;FALSE;Agonist;Partial agonist;10.1
carvedilol;beta1-adrenoceptor;Human;TRUE;Antagonist;Antagonist;9.5
carvedilol;beta2-adrenoceptor;Human;TRUE;Antagonist;Antagonist;9.6
cetirizine;H1 receptor;Human;TRUE;Antagonist;Inverse agonist;8.2
cetrorelix;GnRH1 receptor;Human;TRUE;Antagonist;Antagonist;9.6
cevimeline;M1 receptor;Human;FALSE;Agonist;Agonist;5.3
cevimeline;M2 receptor;Human;FALSE;Agonist;Agonist;6.1
cevimeline;M3 receptor;Human;FALSE;Agonist;Agonist;5.6
cevimeline;M4 receptor;Human;FALSE;Agonist;Agonist;6.0
chenodeoxycholic acid;FPR1;Human;FALSE;Antagonist;Antagonist;4.0
chlordiazepoxide;TRH1 receptor;Mouse/Rat;FALSE;Antagonist;Antagonist;4.7
chlorpheniramine;H1 receptor;Human;TRUE;Antagonist;Antagonist;8.1
chlorpromazine;5-HT1A receptor;Human;FALSE;Antagonist;Antagonist;6.2
chlorpromazine;5-HT2A receptor;Human;TRUE;Antagonist;Inverse agonist;8.1
chlorpromazine;5-HT2C receptor;Human;FALSE;Antagonist;Antagonist;7.9
chlorpromazine;5-HT6 receptor;Human;FALSE;Antagonist;Inverse agonist;7.7
chlorpromazine;5-HT7 receptor;Human;FALSE;Antagonist;Inverse agonist;7.6
chlorpromazine;alpha2A-adrenoceptor;Human;FALSE;Antagonist;Antagonist;6.2
chlorpromazine;alpha2B-adrenoceptor;Human;FALSE;Antagonist;Antagonist;7.7
chlorpromazine;alpha2C-adrenoceptor;Human;FALSE;Antagonist;Antagonist;7.1
chlorpromazine;D1 receptor;Human;FALSE;Antagonist;Antagonist;7.1
chlorpromazine;D2 receptor;Human;FALSE;Antagonist;Antagonist;7.3
chlorpromazine;D3 receptor;Human;FALSE;Antagonist;Antagonist;7.3
chlorpromazine;D4 receptor;Human;FALSE;Antagonist;Antagonist;7.8
chlorpromazine;D5 receptor;Human;FALSE;Antagonist;Antagonist;6.9
chlorpromazine;H1 receptor;Human;FALSE;Antagonist;Antagonist;8.2
cimetidine;H2 receptor;Human;TRUE;Antagonist;Antagonist;6.8
cinacalcet;mGlu5 receptor;Rat;FALSE;Allosteric modulator;Positive;4.3
cisapride;5-HT4 receptor;Human;TRUE;Agonist;Partial agonist;6.9
cisapride;5-HT7 receptor;Mouse;FALSE;Agonist;Full agonist;5.8
clemastine;H1 receptor;Human;TRUE;Antagonist;Antagonist;10.3
clidinium;M3 receptor;Human;TRUE;Antagonist;Antagonist;9.6
clonidine;alpha1D-adrenoceptor;Rat;FALSE;Agonist;Full agonist;6.9
clonidine;alpha2A-adrenoceptor;Human;TRUE;Agonist;Partial agonist;8.1
clonidine;alpha2B-adrenoceptor;Human;TRUE;Agonist;Partial agonist;8.0
clonidine;alpha2C-adrenoceptor;Human;FALSE;Agonist;Partial agonist;6.8
clozapine;5-HT1A receptor;Human;FALSE;Agonist;Full agonist;6.8
clozapine;5-HT1B receptor;Human;FALSE;Agonist;Full agonist;6.2
clozapine;5-HT1D receptor;Human;FALSE;Agonist;Full agonist;6.4
clozapine;5-ht1e receptor;Human;FALSE;Agonist;Full agonist;6.4
clozapine;5-HT1F receptor;Human;FALSE;Agonist;Full agonist;6.9
clozapine;5-HT2A receptor;Human;TRUE;Antagonist;Inverse agonist;8.3
clozapine;5-HT2B receptor;Human;FALSE;Antagonist;Antagonist;8.4
clozapine;5-HT2C receptor;Human;FALSE;Antagonist;Inverse agonist;8.0
clozapine;5-HT5A receptor;Human;FALSE;Antagonist;Antagonist;6.2
clozapine;5-HT6 receptor;Human;FALSE;Antagonist;Inverse agonist;7.9
clozapine;5-HT7 receptor;Human;FALSE;Antagonist;Inverse agonist;7.5
clozapine;alpha1A-adrenoceptor;Human;FALSE;Antagonist;Antagonist;8.1
clozapine;alpha1B-adrenoceptor;Human;FALSE;Antagonist;Antagonist;8.2
clozapine;alpha1D-adrenoceptor;Human;FALSE;Antagonist;Antagonist;7.7
clozapine;D1 receptor;Human;FALSE;Antagonist;Antagonist;6.9
clozapine;D2 receptor;Human;TRUE;Antagonist;Antagonist;6.3
clozapine;D3 receptor;Human;FALSE;Antagonist;Antagonist;5.7
clozapine;D4 receptor;Human;FALSE;Antagonist;Antagonist;7.5
clozapine;D5 receptor;Human;FALSE;Antagonist;Antagonist;6.6
clozapine;H1 receptor;Human;FALSE;Antagonist;Antagonist;9.2
clozapine;H3 receptor;Rat;FALSE;Antagonist;Antagonist;5.8
clozapine;H4 receptor;Human;FALSE;Antagonist;Antagonist;6.4
codeine;mu receptor;Human;TRUE;Agonist;Full agonist;6.9
conivaptan;V1A receptor;Human;TRUE;Antagonist;Antagonist;8.3
conivaptan;V2 receptor;Human;TRUE;Antagonist;Antagonist;9.4
corbadrine;alpha1D-adrenoceptor;Human;FALSE;Agonist;Full agonist;5.6
cyclizine;H1 receptor;Human;TRUE;Antagonist;Antagonist;8.4
cyproheptadine;5-HT6 receptor;Human;FALSE;Antagonist;Antagonist;6.8
cyproheptadine;5-HT7 receptor;Human;FALSE;Antagonist;Antagonist;6.9
cyproheptadine;alpha1A-adrenoceptor;Human;FALSE;Antagonist;Antagonist;7.4
cyproheptadine;alpha1B-adrenoceptor;Human;FALSE;Antagonist;Antagonist;7.6
cyproheptadine;alpha1D-adrenoceptor;Human;FALSE;Antagonist;Antagonist;6.9
cyproheptadine;H1 receptor;Human;TRUE;Antagonist;Antagonist;10.2
dapiprazole;alpha1D-adrenoceptor;Human;TRUE;Antagonist;Antagonist;8.4
darifenacin;M1 receptor;Human;FALSE;Antagonist;Antagonist;7.9
darifenacin;M2 receptor;Human;FALSE;Antagonist;Inverse agonist;7.3
darifenacin;M3 receptor;Human;TRUE;Antagonist;Antagonist;8.8
darifenacin;M4 receptor;Human;FALSE;Antagonist;Antagonist;7.7
darifenacin;M5 receptor;Human;FALSE;Antagonist;Antagonist;8.2
degarelix;GnRH1 receptor;Human;TRUE;Antagonist;Antagonist;8.8
delta9-tetrahydrocannabinol;CB1 receptor;Human;TRUE;Agonist;Partial agonist;7.3
delta9-tetrahydrocannabinol;CB2 receptor;Human;FALSE;Agonist;Partial agonist;7.3
deoxycholic acid;FPR1;Human;FALSE;Antagonist;Antagonist;4.0
desloratadine;H1 receptor;Human;TRUE;Antagonist;Antagonist;9.0
desmopressin;OT receptor;Human;FALSE;Agonist;Full agonist;7.1
desmopressin;V1A receptor;Human;FALSE;Agonist;Full agonist;7.3
desmopressin;V1B receptor;Human;FALSE;Agonist;Full agonist;7.9
desmopressin;V2 receptor;Human;FALSE;Agonist;Full agonist;7.9
dexetimide;M2 receptor;Human;TRUE;Antagonist;Antagonist;8.9
dexmedetomidine;alpha2A-adrenoceptor;Human;TRUE;Agonist;Partial agonist;8.7
dexmedetomidine;alpha2B-adrenoceptor;Human;TRUE;Agonist;Full agonist;8.5
dexmedetomidine;alpha2C-adrenoceptor;Human;TRUE;Agonist;Full agonist;8.1
diazepam;TRH1 receptor;Rat;FALSE;Antagonist;Antagonist;5.2
dicyclomine;M1 receptor;Human;TRUE;Antagonist;Antagonist;9.1
dicyclomine;M2 receptor;Human;FALSE;Antagonist;Antagonist;6.6
dicyclomine;M3 receptor;Human;TRUE;Antagonist;Antagonist;9.0
dihydroergotamine;5-HT1B receptor;Human;FALSE;Agonist;Full agonist;8.6
dihydroergotamine;5-HT1D receptor;Human;TRUE;Agonist;Full agonist;9.5
dihydroergotamine;5-ht1e receptor;Human;FALSE;Agonist;Full agonist;5.6
dihydroergotamine;5-HT1F receptor;Human;FALSE;Agonist;Full agonist;6.8
dihydroergotamine;5-HT6 receptor;Rat;FALSE;Antagonist;Antagonist;8.1
dihydroergotamine;5-HT7 receptor;Human;FALSE;Antagonist;Antagonist;8.0
diphenhydramine;H1 receptor;Human;TRUE;Antagonist;Antagonist;7.9
dobutamine;beta1-adrenoceptor;Human;TRUE;Agonist;Partial agonist;5.5
domperidone;D2 receptor;Human;TRUE;Antagonist;Antagonist;8.1
domperidone;D3 receptor;Human;TRUE;Antagonist;Antagonist;7.3
dopamine;D1 receptor;Human;TRUE;Agonist;Full agonist;4.9
dopamine;D2 receptor;Human;TRUE;Agonist;Full agonist;5.8
dopamine;D3 receptor;Human;TRUE;Agonist;Full agonist;6.8
dopamine;D4 receptor;Human;TRUE;Agonist;Full agonist;7.6
dopamine;D5 receptor;Human;TRUE;Agonist;Full agonist;6.6
dosulepin;H1 receptor;Human;FALSE;Antagonist;Antagonist;8.4
dosulepin;M1 receptor;Human;FALSE;Antagonist;Antagonist;7.7
dosulepin;M2 receptor;Human;FALSE;Antagonist;Antagonist;7.0
dosulepin;M3 receptor;Human;FALSE;Antagonist;Antagonist;7.4
dosulepin;M4 receptor;Human;FALSE;Antagonist;Antagonist;7.2
dosulepin;M5 receptor;Human;FALSE;Antagonist;Antagonist;7.0
doxazosin;alpha1A-adrenoceptor;Human;TRUE;Antagonist;Antagonist;9.3
doxazosin;alpha1B-adrenoceptor;Human;TRUE;Antagonist;Antagonist;9.1
doxazosin;alpha1D-adrenoceptor;Human;TRUE;Antagonist;Antagonist;9.1
doxepin;H1 receptor;Human;FALSE;Antagonist;Antagonist;9.7
duloxetine;5-HT2A receptor;Human;FALSE;Antagonist;Antagonist;6.3
duloxetine;5-HT2C receptor;Human;FALSE;Antagonist;Antagonist;6.0
duloxetine;5-HT6 receptor;Human;FALSE;Antagonist;Antagonist;6.4
elagolix;GnRH1 receptor;Human;TRUE;Antagonist;Antagonist;9.1
eletriptan;5-HT1A receptor;Human;FALSE;Agonist;Full agonist;7.4
eletriptan;5-HT1B receptor;Human;TRUE;Agonist;Full agonist;8.0
eletriptan;5-HT1D receptor;Human;TRUE;Agonist;Full agonist;8.9
eletriptan;5-ht1e receptor;Human;FALSE;Agonist;Full agonist;7.2
eletriptan;5-HT1F receptor;Human;TRUE;Agonist;Full agonist;8.0
eluxadoline;delta receptor;Rat;FALSE;Antagonist;Antagonist;8.9
eluxadoline;mu receptor;Human;FALSE;Agonist;Agonist;8.8
ephedrine;beta2-adrenoceptor;Human;TRUE;Agonist;Partial agonist;5.6
erenumab;CGRP receptor;Human;TRUE;Antibody;Antagonist;10.7
ergometrine;5-ht1e receptor;Human;FALSE;Agonist;Full agonist;7.3
ergometrine;5-HT2A receptor;Rat;FALSE;Agonist;Full agonist;8.5
ergotamine;5-HT1D receptor;Human;TRUE;Agonist;Agonist;9.1
ergotamine;5-ht1e receptor;Human;FALSE;Agonist;Full agonist;6.2
ergotamine;5-HT1F receptor;Human;FALSE;Agonist;Full agonist;6.8
ergotamine;5-HT2A receptor;Human;FALSE;Agonist;Partial agonist;9.0
ergotamine;5-HT2B receptor;Human;FALSE;Agonist;Partial agonist;8.7
ergotamine;5-HT2C receptor;Human;FALSE;Agonist;Partial agonist;8.7
ergotamine;5-HT5A receptor;Human;FALSE;Antagonist;Antagonist;8.3
ergotamine;5-HT6 receptor;Human;FALSE;Agonist;Full agonist;8.3
ergotamine;5-HT7 receptor;Mouse;FALSE;Antagonist;Antagonist;7.3
esmolol;beta1-adrenoceptor;Human;TRUE;Antagonist;Antagonist;6.9
ethopropazine;M1 receptor;Rat;FALSE;Antagonist;Antagonist;8.5
ethopropazine;M2 receptor;Rat;FALSE;Antagonist;Antagonist;8.1
exendin-4;GLP-1 receptor;Human;TRUE;Agonist;Full agonist;8.8
fenoldopam;D1 receptor;Human;TRUE;Agonist;Full agonist;7.2
fenoldopam;D4 receptor;Human;FALSE;Agonist;Full agonist;6.5
fenoterol;beta2-adrenoceptor;Human;TRUE;Agonist;Agonist;6.9
fentanyl;delta receptor;Human;FALSE;Agonist;Full agonist;6.8
fentanyl;kappa receptor;Human;FALSE;Agonist;Partial agonist;7.1
fentanyl;mu receptor;Human;TRUE;Agonist;Full agonist;9.2
fexofenadine;H1 receptor;Human;TRUE;Antagonist;Antagonist;7.6
flibanserin;5-HT1A receptor;Human;TRUE;Agonist;Agonist;9.0
flibanserin;5-HT2A receptor;Human;TRUE;Antagonist;Antagonist;7.3
fluoxetine;5-HT2A receptor;Rat;FALSE;Antagonist;Antagonist;6.5
fluoxetine;5-HT2B receptor;Human;FALSE;Antagonist;Antagonist;5.3
fluoxetine;5-HT2C receptor;Rat;FALSE;Antagonist;Antagonist;7.3
fluoxetine;5-HT6 receptor;Rat;FALSE;Antagonist;Antagonist;5.8
flupentixol;D1 receptor;Human;TRUE;Antagonist;Antagonist;7.7
flupentixol;D2 receptor;Human;TRUE;Antagonist;Antagonist;8.8
flupentixol;D3 receptor;Human;FALSE;Antagonist;Antagonist;9.0
flupentixol;D5 receptor;Human;FALSE;Antagonist;Antagonist;8.1
fluphenazine;5-HT2A receptor;Human;FALSE;Antagonist;Antagonist;7.5
fluphenazine;5-HT6 receptor;Human;FALSE;Antagonist;Inverse agonist;7.3
fluphenazine;5-HT7 receptor;Human;FALSE;Antagonist;Inverse agonist;7.9
fluphenazine;D1 receptor;Human;FALSE;Antagonist;Antagonist;7.7
fluphenazine;D2 receptor;Human;TRUE;Antagonist;Antagonist;8.8
fluphenazine;D5 receptor;Human;FALSE;Antagonist;Antagonist;7.9
fluphenazine;H1 receptor;Human;FALSE;Antagonist;Antagonist;7.7
fluspirilene;5-HT1A receptor;Human;FALSE;Antagonist;Antagonist;7.2
fluspirilene;5-HT1D receptor;Human;FALSE;Antagonist;Antagonist;6.0
fluspirilene;5-ht1e receptor;Human;FALSE;Antagonist;Antagonist;5.6
fluspirilene;5-HT2A receptor;Human;FALSE;Antagonist;Antagonist;8.0
fluspirilene;H1 receptor;Human;FALSE;Antagonist;Antagonist;7.9
frovatriptan;5-HT1A receptor;Human;FALSE;Agonist;Agonist;7.2
frovatriptan;5-HT1B receptor;Human;TRUE;Agonist;Agonist;8.0
frovatriptan;5-HT1D receptor;Human;TRUE;Agonist;Agonist;8.4
fulvestrant;GPER;Human;FALSE;Agonist;Full agonist;7.0
gallamine;M2 receptor;Human;FALSE;Allosteric modulator;Negative;6.6
glucagon;GLP-1 receptor;Human;FALSE;Agonist;Full agonist;6.9
guanfacine;alpha2A-adrenoceptor;Human;TRUE;Agonist;Partial agonist;7.2
guanfacine;alpha2B-adrenoceptor;Human;TRUE;Agonist;Full agonist;6.1
guanfacine;alpha2C-adrenoceptor;Human;TRUE;Agonist;Partial agonist;5.8
haloperidol;5-HT1A receptor;Human;FALSE;Antagonist;Antagonist;5.7
haloperidol;5-HT1D receptor;Human;FALSE;Antagonist;Antagonist;6.6
haloperidol;5-HT2A receptor;Human;TRUE;Antagonist;Antagonist;7.0
haloperidol;5-HT2B receptor;Human;FALSE;Antagonist;Antagonist;6.1
haloperidol;5-HT7 receptor;Human;FALSE;Antagonist;Antagonist;6.4
haloperidol;D1 receptor;Human;FALSE;Antagonist;Antagonist;7.9
haloperidol;D2 receptor;Human;TRUE;Antagonist;Antagonist;8.1
haloperidol;D3 receptor;Human;TRUE;Antagonist;Antagonist;8.0
haloperidol;D4 receptor;Human;TRUE;Antagonist;Antagonist;8.7
haloperidol;D5 receptor;Human;FALSE;Antagonist;Antagonist;6.3
haloperidol;H1 receptor;Human;FALSE;Antagonist;Antagonist;5.9
hydrocodone;kappa receptor;Human;FALSE;Agonist;Agonist;6.6
hydrocodone;mu receptor;Human;TRUE;Agonist;Agonist;8.7
hydromorphone;delta receptor;Human;FALSE;Agonist;Agonist;7.4
hydromorphone;kappa receptor;Human;FALSE;Agonist;Agonist;8.6
hydromorphone;mu receptor;Human;TRUE;Agonist;Agonist;9.6
hydroxyzine;H1 receptor;Human;TRUE;Antagonist;Antagonist;8.7
icatibant;B1 receptor;Human;FALSE;Antagonist;Antagonist;6.7
icatibant;B2 receptor;Human;TRUE;Antagonist;Antagonist;10.2
iloperidone;5-HT1A receptor;Human;FALSE;Antagonist;Antagonist;7.0
iloperidone;5-HT6 receptor;Human;FALSE;Antagonist;Antagonist;7.2
iloperidone;5-HT7 receptor;Human;FALSE;Antagonist;Antagonist;7.0
iloprost;DP1 receptor;Human;FALSE;Agonist;Full agonist;6.3
iloprost;EP1 receptor;Human;FALSE;Agonist;Full agonist;6.7
iloprost;EP2 receptor;Human;FALSE;Agonist;Full agonist;5.7
iloprost;EP3 receptor;Human;FALSE;Agonist;Full agonist;7.0
iloprost;EP4 receptor;Human;FALSE;Agonist;Full agonist;5.6
iloprost;FP receptor;Human;FALSE;Agonist;Full agonist;6.2
iloprost;IP receptor;Human;TRUE;Agonist;Full agonist;7.7
iloprost;TP receptor;Human;FALSE;Agonist;Full agonist;5.2
imipramine;M2 receptor;Human;FALSE;Antagonist;Antagonist;6.9
indacaterol;beta1-adrenoceptor;Human;FALSE;Agonist;Agonist;6.7
indacaterol;beta2-adrenoceptor;Human;TRUE;Agonist;Agonist;7.8
indomethacin;DP2 receptor;Human;FALSE;Agonist;Full agonist;6.9
indoramin;alpha1A-adrenoceptor;Human;FALSE;Antagonist;Antagonist;8.4
indoramin;alpha1B-adrenoceptor;Human;FALSE;Antagonist;Antagonist;7.4
indoramin;alpha1D-adrenoceptor;Human;FALSE;Antagonist;Antagonist;6.7
ipratropium;M1 receptor;Human;FALSE;Antagonist;Antagonist;9.3
ipratropium;M2 receptor;Human;FALSE;Antagonist;Antagonist;8.8
ipratropium;M3 receptor;Human;TRUE;Antagonist;Antagonist;9.5
ipratropium;M4 receptor;Human;FALSE;Antagonist;Antagonist;9.2
ipratropium;M5 receptor;Human;FALSE;Antagonist;Antagonist;8.8
isoprenaline;beta1-adrenoceptor;Human;TRUE;Agonist;Full agonist;6.8
isoprenaline;beta2-adrenoceptor;Human;TRUE;Agonist;Full agonist;6.4
isoprenaline;beta3-adrenoceptor;Human;FALSE;Agonist;Full agonist;5.6
istradefylline;A1 receptor;Human;FALSE;Antagonist;Antagonist;6.1
istradefylline;A2A receptor;Human;FALSE;Antagonist;Antagonist;7.4
istradefylline;A2B receptor;Human;FALSE;Antagonist;Antagonist;5.0
istradefylline;A3 receptor;Human;FALSE;Antagonist;Antagonist;5.3
ketanserin;5-HT1A receptor;Human;FALSE;Antagonist;Antagonist;5.0
ketanserin;5-HT1B receptor;Mouse;FALSE;Antagonist;Antagonist;8.3
ketanserin;5-HT1D receptor;Human;FALSE;Antagonist;Antagonist;7.4
ketanserin;5-HT2A receptor;Human;FALSE;Antagonist;Antagonist;8.9
ketanserin;5-HT2B receptor;Human;FALSE;Antagonist;Antagonist;6.4
ketanserin;5-HT2C receptor;Human;FALSE;Antagonist;Antagonist;7.1
ketanserin;5-HT5A receptor;Human;FALSE;Antagonist;Antagonist;4.7
ketanserin;5-HT7 receptor;Human;FALSE;Antagonist;Antagonist;6.2
ketanserin;alpha1A-adrenoceptor;Human;FALSE;Antagonist;Antagonist;8.2
ketanserin;alpha1B-adrenoceptor;Human;FALSE;Antagonist;Antagonist;8.2
ketanserin;alpha1D-adrenoceptor;Human;FALSE;Antagonist;Antagonist;7.8
ketanserin;D1 receptor;Human;FALSE;Antagonist;Antagonist;6.7
ketanserin;D5 receptor;Human;FALSE;Antagonist;Antagonist;5.6
ketotifen;H1 receptor;Human;TRUE;Antagonist;Antagonist;8.6
labetalol;alpha1D-adrenoceptor;Human;TRUE;Antagonist;Antagonist;6.6
labetalol;beta1-adrenoceptor;Human;TRUE;Antagonist;Antagonist;8.2
labetalol;beta2-adrenoceptor;Human;TRUE;Antagonist;Antagonist;8.0
lanreotide;SST2 receptor;Human;TRUE;Agonist;Full agonist;9.1
lanreotide;SST3 receptor;Human;FALSE;Agonist;Full agonist;7.6
lanreotide;SST5 receptor;Human;TRUE;Agonist;Full agonist;8.3
latanoprost (free acid form);FP receptor;Human;TRUE;Agonist;Full agonist;8.6
latanoprost (isopropyl ester);FP receptor;Human;TRUE;Agonist;Full agonist;6.3
latanoprostene bunod;FP receptor;Human;FALSE;Agonist;Agonist;8.6
leuprolide;GnRH1 receptor;Human;TRUE;Agonist;Full agonist;8.8
levallorphan;mu receptor;Human;TRUE;Antagonist;Antagonist;9.0
levobetaxolol;beta1-adrenoceptor;Human;TRUE;Antagonist;Antagonist;9.1
levobetaxolol;beta2-adrenoceptor;Human;FALSE;Antagonist;Antagonist;7.5
levobunolol;beta1-adrenoceptor;Human;TRUE;Antagonist;Antagonist;8.4
levobunolol;beta2-adrenoceptor;Human;TRUE;Antagonist;Antagonist;9.3
levobunolol;beta3-adrenoceptor;Human;TRUE;Antagonist;Antagonist;6.8
levocabastine;NTS2 receptor;Human;FALSE;Agonist;Full agonist;6.8
levosalbutamol;beta2-adrenoceptor;Human;FALSE;Agonist;Partial agonist;5.3
lisuride;5-HT1A receptor;Human;FALSE;Agonist;Full agonist;9.7
lisuride;5-HT1B receptor;Human;FALSE;Agonist;Partial agonist;7.7
lisuride;5-HT1D receptor;Human;FALSE;Agonist;Partial agonist;9.0
lisuride;5-HT2A receptor;Human;FALSE;Agonist;Partial agonist;8.6
lisuride;5-HT2B receptor;Human;FALSE;Antagonist;Antagonist;8.9
lisuride;5-HT2C receptor;Human;FALSE;Agonist;Partial agonist;8.1
lisuride;5-HT6 receptor;Human;FALSE;Agonist;Partial agonist;8.0
lisuride;5-HT7 receptor;Rat;FALSE;Agonist;Full agonist;8.7
lisuride;alpha1A-adrenoceptor;Human;FALSE;Antagonist;Antagonist;8.3
lisuride;alpha2A-adrenoceptor;Human;FALSE;Antagonist;Antagonist;10.3
lisuride;alpha2B-adrenoceptor;Human;FALSE;Antagonist;Antagonist;9.9
lisuride;alpha2C-adrenoceptor;Human;FALSE;Antagonist;Antagonist;9.9
lisuride;D1 receptor;Human;FALSE;Agonist;Partial agonist;7.2
lisuride;D2 receptor;Human;FALSE;Agonist;Partial agonist;9.3
lisuride;D3 receptor;Human;FALSE;Agonist;Partial agonist;9.6
lisuride;D4 receptor;Human;FALSE;Agonist;Partial agonist;8.3
lisuride;D5 receptor;Human;FALSE;Agonist;Partial agonist;8.5
lixisenatide;GLP-1 receptor;Human;TRUE;Agonist;Agonist;8.9
lofexidine;alpha2A-adrenoceptor;Human;FALSE;Agonist;Agonist;8.4
lofexidine;alpha2B-adrenoceptor;Human;FALSE;Agonist;Agonist;7.2
lofexidine;alpha2C-adrenoceptor;Human;FALSE;Agonist;Agonist;7.2
loperamide;mu receptor;Human;TRUE;Agonist;Agonist;9.3
loratadine;H1 receptor;Human;TRUE;Antagonist;Antagonist;7.4
lorazepam;alpha1B-adrenoceptor;Rat;FALSE;Allosteric modulator;Positive;3.8
lorcaserin;5-HT2A receptor;Human;FALSE;Agonist;Full agonist;6.8
lorcaserin;5-HT2B receptor;Human;FALSE;Agonist;Full agonist;6.8
lorcaserin;5-HT2C receptor;Human;FALSE;Agonist;Full agonist;7.8
loxapine;5-HT2A receptor;Human;TRUE;Antagonist;Inverse agonist;8.1
loxapine;5-HT2C receptor;Human;TRUE;Antagonist;Inverse agonist;7.9
loxapine;5-HT6 receptor;Human;FALSE;Antagonist;Inverse agonist;7.5
loxapine;5-HT7 receptor;Rat;FALSE;Antagonist;Antagonist;7.1
loxapine;D2 receptor;Human;TRUE;Antagonist;Antagonist;8.1
loxapine;D3 receptor;Human;TRUE;Antagonist;Antagonist;7.7
loxapine;D4 receptor;Human;TRUE;Antagonist;Antagonist;8.1
loxapine;H1 receptor;Human;FALSE;Antagonist;Antagonist;8.2
lurasidone;5-HT1A receptor;Rat;FALSE;Agonist;Partial agonist;8.2
lurasidone;5-HT2A receptor;Rat;FALSE;Antagonist;Antagonist;8.7
lurasidone;5-HT7 receptor;Human;TRUE;Antagonist;Antagonist;9.3
lurasidone;alpha2A-adrenoceptor;Human;FALSE;Antagonist;Antagonist;7.4
lurasidone;alpha2C-adrenoceptor;Human;FALSE;Antagonist;Antagonist;8.0
lurasidone;D2 receptor;Rat;FALSE;Antagonist;Antagonist;8.8
mefloquine;A1 receptor;Human;FALSE;Antagonist;Antagonist;6.2
mefloquine;A2A receptor;Human;FALSE;Antagonist;Antagonist;7.0
melatonin;5-HT2B receptor;Human;FALSE;Antagonist;Antagonist;5.2
melatonin;MT1 receptor;Human;TRUE;Agonist;Full agonist;9.4
melatonin;MT2 receptor;Human;TRUE;Agonist;Full agonist;9.6
mepyramine;H1 receptor;Human;TRUE;Antagonist;Inverse agonist;8.8
mesoridazine;5-HT1A receptor;Human;FALSE;Antagonist;Antagonist;7.0
mesoridazine;5-HT2A receptor;Human;FALSE;Antagonist;Antagonist;7.3
mesoridazine;5-HT2C receptor;Human;FALSE;Antagonist;Antagonist;6.4
mesoridazine;D1 receptor;Human;FALSE;Antagonist;Antagonist;7.0
mesoridazine;D2 receptor;Human;FALSE;Antagonist;Antagonist;8.7
mesoridazine;D3 receptor;Human;FALSE;Antagonist;Antagonist;7.6
methacholine;M2 receptor;Rat;FALSE;Agonist;Agonist;7.2
methacholine;M4 receptor;Rat;FALSE;Agonist;Agonist;5.8
methoxamine;alpha1A-adrenoceptor;Human;TRUE;Agonist;Full agonist;5.1
methoxamine;alpha1B-adrenoceptor;Human;FALSE;Agonist;Full agonist;4.0
methoxamine;alpha1D-adrenoceptor;Human;FALSE;Agonist;Full agonist;4.9
methylergonovine;5-ht1e receptor;Human;FALSE;Antagonist;Antagonist;7.1
methylergonovine;5-HT1F receptor;Human;FALSE;Antagonist;Antagonist;7.5
methylergonovine;5-HT2A receptor;Human;FALSE;Agonist;Full agonist;9.4
methylergonovine;5-HT2B receptor;Human;FALSE;Agonist;Partial agonist;9.3
methylergonovine;5-HT2C receptor;Human;FALSE;Agonist;Full agonist;8.3
methylnaltrexone;delta receptor;Human;FALSE;Antagonist;Antagonist;6.1
methylnaltrexone;kappa receptor;Human;FALSE;Antagonist;Antagonist;8.2
methylnaltrexone;mu receptor;Human;TRUE;Antagonist;Antagonist;8.7
methysergide;5-HT1B receptor;Human;FALSE;Antagonist;Antagonist;7.1
methysergide;5-HT1D receptor;Human;FALSE;Antagonist;Antagonist;8.6
methysergide;5-ht1e receptor;Human;FALSE;Antagonist;Antagonist;6.6
methysergide;5-HT1F receptor;Human;FALSE;Antagonist;Antagonist;8.2
methysergide;5-HT2A receptor;Human;FALSE;Antagonist;Antagonist;8.4
methysergide;5-HT2B receptor;Human;TRUE;Agonist;Partial agonist;8.7
methysergide;5-HT2C receptor;Human;TRUE;Antagonist;Antagonist;8.8
methysergide;5-HT5A receptor;Human;FALSE;Antagonist;Antagonist;7.0
methysergide;5-HT6 receptor;Human;FALSE;Antagonist;Antagonist;6.6
methysergide;5-HT7 receptor;Human;FALSE;Antagonist;Antagonist;7.4
metoclopramide;5-HT4 receptor;Mouse;TRUE;Agonist;Full agonist;6.0
metoclopramide;D2 receptor;Mouse;TRUE;Antagonist;Antagonist;7.5
metoprolol;beta1-adrenoceptor;Human;TRUE;Antagonist;Antagonist;7.3
metoprolol;beta2-adrenoceptor;Human;FALSE;Antagonist;Antagonist;6.3
mianserin;5-HT1B receptor;Mouse;FALSE;Antagonist;Antagonist;8.3
mianserin;5-HT2A receptor;Human;TRUE;Antagonist;Antagonist;8.6
mianserin;5-HT2B receptor;Human;TRUE;Antagonist;Antagonist;8.3
mianserin;5-HT2C receptor;Human;TRUE;Antagonist;Inverse agonist;8.7
mianserin;5-HT6 receptor;Human;FALSE;Antagonist;Antagonist;7.1
mianserin;5-HT7 receptor;Human;FALSE;Antagonist;Antagonist;7.4
mianserin;alpha1A-adrenoceptor;Human;FALSE;Antagonist;Antagonist;7.6
mianserin;alpha1B-adrenoceptor;Human;FALSE;Antagonist;Antagonist;7.4
mianserin;alpha1D-adrenoceptor;Human;FALSE;Antagonist;Antagonist;7.5
midazolam;alpha1B-adrenoceptor;Rat;FALSE;Allosteric modulator;Positive;3.7
midazolam;TRH1 receptor;Rat;FALSE;Antagonist;Antagonist;5.5
mirtazapine;5-HT2A receptor;Human;TRUE;Antagonist;Antagonist;7.2
mirtazapine;5-HT2C receptor;Human;FALSE;Antagonist;Antagonist;7.4
mirtazapine;alpha2A-adrenoceptor;Human;TRUE;Antagonist;Antagonist;7.7
mirtazapine;alpha2C-adrenoceptor;Human;FALSE;Antagonist;Antagonist;7.7
misoprostol (methyl ester);EP2 receptor;Human;FALSE;Agonist;Full agonist;5.0
misoprostol (methyl ester);EP3 receptor;Human;TRUE;Agonist;Full agonist;6.5
misoprostol (methyl ester);EP4 receptor;Human;FALSE;Agonist;Full agonist;5.3
mizolastine;H1 receptor;Human;TRUE;Antagonist;Antagonist;8.6
molindone;5-HT2A receptor;Human;TRUE;Antagonist;Antagonist;6.5
molindone;H1 receptor;Human;FALSE;Antagonist;Antagonist;5.7
montelukast;CysLT1 receptor;Human;TRUE;Antagonist;Antagonist;8.6
morphine;delta receptor;Human;FALSE;Agonist;Full agonist;6.9
morphine;kappa receptor;Human;FALSE;Agonist;Partial agonist;7.3
morphine;mu receptor;Human;TRUE;Agonist;Full agonist;9.0
mosapride;5-HT4 receptor;Human;FALSE;Agonist;Full agonist;6.5
N-methyl scopolamine;M1 receptor;Human;TRUE;Antagonist;Antagonist;9.9
N-methyl scopolamine;M3 receptor;Human;TRUE;Antagonist;Antagonist;10.4
nabilone;CB1 receptor;Human;FALSE;Agonist;Agonist;8.4
nabilone;CB2 receptor;Human;FALSE;Agonist;Agonist;8.2
nadolol;beta1-adrenoceptor;Human;TRUE;Antagonist;Antagonist;6.9
nadolol;beta2-adrenoceptor;Human;TRUE;Antagonist;Antagonist;7.8
nadolol;beta3-adrenoceptor;Human;FALSE;Antagonist;Antagonist;6.3
nalbuphine;delta receptor;Human;TRUE;Agonist;Agonist;6.2
nalbuphine;kappa receptor;Human;TRUE;Agonist;Full agonist;7.4
nalbuphine;mu receptor;Human;TRUE;Agonist;Agonist;8.8
naldemedine;delta receptor;Human;FALSE;Antagonist;Antagonist;9.0
naldemedine;mu receptor;Human;TRUE;Antagonist;Antagonist;8.9
nalmefene;delta receptor;Human;FALSE;Agonist;Partial agonist;8.1
nalmefene;kappa receptor;Human;TRUE;Antagonist;Antagonist;9.5
nalmefene;mu receptor;Human;TRUE;Antagonist;Antagonist;9.5
nalorphine;delta receptor;Human;FALSE;Agonist;Partial agonist;7.4
nalorphine;kappa receptor;Human;FALSE;Agonist;Partial agonist;8.5
nalorphine;mu receptor;Human;TRUE;Antagonist;Antagonist;8.9
naloxone;delta receptor;Human;TRUE;Antagonist;Antagonist;7.2
naloxone;kappa receptor;Human;TRUE;Antagonist;Antagonist;8.2
naloxone;mu receptor;Human;FALSE;Antagonist;Antagonist;8.9
naltrexone;delta receptor;Human;TRUE;Antagonist;Antagonist;8.0
naltrexone;kappa receptor;Human;TRUE;Antagonist;Antagonist;8.9
naltrexone;mu receptor;Human;TRUE;Antagonist;Antagonist;9.4
naratriptan;5-HT1A receptor;Human;FALSE;Agonist;Full agonist;7.3
naratriptan;5-HT1B receptor;Human;TRUE;Agonist;Partial agonist;8.1
naratriptan;5-HT1D receptor;Human;TRUE;Agonist;Full agonist;8.7
naratriptan;5-ht1e receptor;Human;FALSE;Agonist;Full agonist;7.7
naratriptan;5-HT1F receptor;Human;FALSE;Agonist;Full agonist;8.2
nefazodone;5-HT2A receptor;Human;TRUE;Antagonist;Antagonist;8.2
netupitant;NK1 receptor;Human;FALSE;Antagonist;Antagonist;9.0
nicardipine;A3 receptor;Human;FALSE;Antagonist;Antagonist;5.5
noradrenaline;alpha1A-adrenoceptor;Human;FALSE;Agonist;Full agonist;6.1
noradrenaline;alpha1B-adrenoceptor;Human;FALSE;Agonist;Full agonist;6.2
noradrenaline;alpha1D-adrenoceptor;Human;FALSE;Agonist;Full agonist;7.4
noradrenaline;alpha2A-adrenoceptor;Human;FALSE;Agonist;Full agonist;6.4
noradrenaline;alpha2B-adrenoceptor;Human;TRUE;Agonist;Partial agonist;5.7
noradrenaline;alpha2C-adrenoceptor;Human;TRUE;Agonist;Full agonist;6.2
noradrenaline;beta1-adrenoceptor;Human;FALSE;Agonist;Agonist;5.7
noradrenaline;beta2-adrenoceptor;Human;FALSE;Agonist;Agonist;4.7
noradrenaline;beta3-adrenoceptor;Human;FALSE;Agonist;Full agonist;5.4
octreotide;SST2 receptor;Human;FALSE;Agonist;Full agonist;9.3
octreotide;SST3 receptor;Human;FALSE;Agonist;Full agonist;8.0
octreotide;SST5 receptor;Human;FALSE;Agonist;Full agonist;8.3
olanzapine;5-HT1A receptor;Human;FALSE;Agonist;Full agonist;5.7
olanzapine;5-HT1B receptor;Human;FALSE;Agonist;Full agonist;6.3
olanzapine;5-HT1D receptor;Human;FALSE;Agonist;Full agonist;6.2
olanzapine;5-ht1e receptor;Human;FALSE;Agonist;Full agonist;5.7
olanzapine;5-HT1F receptor;Human;FALSE;Agonist;Full agonist;6.5
olanzapine;5-HT2A receptor;Human;TRUE;Antagonist;Antagonist;8.7
olanzapine;5-HT2C receptor;Human;TRUE;Antagonist;Inverse agonist;8.2
olanzapine;5-HT6 receptor;Human;FALSE;Antagonist;Inverse agonist;8.0
olanzapine;5-HT7 receptor;Human;FALSE;Antagonist;Antagonist;6.5
olanzapine;D2 receptor;Human;TRUE;Antagonist;Antagonist;8.7
olanzapine;H1 receptor;Human;FALSE;Antagonist;Antagonist;8.9
oxybutynin;M1 receptor;Human;TRUE;Antagonist;Antagonist;8.6
oxybutynin;M2 receptor;Human;FALSE;Antagonist;Antagonist/Inverse agonist;7.9
oxybutynin;M3 receptor;Human;TRUE;Antagonist;Antagonist;8.8
oxybutynin;M4 receptor;Human;FALSE;Antagonist;Antagonist;8.7
oxybutynin;M5 receptor;Human;FALSE;Antagonist;Antagonist;7.9
oxymetazoline;5-HT1B receptor;Human;FALSE;Agonist;Full agonist;9.5
oxymetazoline;5-HT1D receptor;Human;FALSE;Agonist;Partial agonist;9.4
oxymetazoline;5-HT2C receptor;Human;FALSE;Agonist;Full agonist;6.5
oxymetazoline;alpha1A-adrenoceptor;Human;TRUE;Agonist;Full agonist;8.1
oxymetazoline;alpha1B-adrenoceptor;Human;FALSE;Agonist;Full agonist;6.5
oxymetazoline;alpha1D-adrenoceptor;Human;FALSE;Agonist;Partial agonist;6.4
oxymetazoline;alpha2A-adrenoceptor;Human;TRUE;Agonist;Partial agonist;8.3
oxymetazoline;alpha2B-adrenoceptor;Human;FALSE;Agonist;Partial agonist;5.8
oxymetazoline;alpha2C-adrenoceptor;Human;FALSE;Agonist;Partial agonist;6.7
oxytocin;OT receptor;Human;TRUE;Agonist;Full agonist;8.9
oxytocin;V1A receptor;Human;FALSE;Agonist;Full agonist;7.6
oxytocin;V1B receptor;Human;FALSE;Agonist;Full agonist;6.3
oxytocin;V2 receptor;Human;FALSE;Agonist;Full agonist;6.1
pentazocine;delta receptor;Human;FALSE;Agonist;Full agonist;7.3
pentazocine;kappa receptor;Human;FALSE;Agonist;Partial agonist;8.2
pentazocine;mu receptor;Human;FALSE;Agonist;Partial agonist;8.4
pentoxifylline;A2B receptor;Human;FALSE;Antagonist;Antagonist;5.3
pergolide;5-HT1A receptor;Human;FALSE;Agonist;Partial agonist;8.7
pergolide;5-HT1B receptor;Human;FALSE;Agonist;Full agonist;6.6
pergolide;5-HT1D receptor;Human;FALSE;Agonist;Partial agonist;7.9
pergolide;5-HT2A receptor;Human;FALSE;Agonist;Full agonist;8.1
pergolide;5-HT2B receptor;Human;FALSE;Agonist;Full agonist;8.2
pergolide;5-HT2C receptor;Human;FALSE;Agonist;Partial agonist;6.5
pergolide;5-HT6 receptor;Rat;FALSE;Agonist;Full agonist;7.5
pergolide;5-HT7 receptor;Rat;FALSE;Agonist;Full agonist;8.6
pergolide;alpha2A-adrenoceptor;Human;FALSE;Agonist;Partial agonist;7.3
pergolide;alpha2B-adrenoceptor;Human;FALSE;Agonist;Partial agonist;7.5
pergolide;alpha2C-adrenoceptor;Human;FALSE;Agonist;Partial agonist;7.2
pergolide;D1 receptor;Human;FALSE;Agonist;Full agonist;6.2
pergolide;D2 receptor;Human;FALSE;Agonist;Full agonist;7.5
pergolide;D3 receptor;Human;FALSE;Agonist;Partial agonist;8.3
pergolide;D4 receptor;Human;FALSE;Agonist;Partial agonist;7.2
pergolide;D5 receptor;Human;FALSE;Agonist;Full agonist;6.7
periciazine;D1 receptor;Human;FALSE;Antagonist;Antagonist;8.0
perospirone;5-HT2A receptor;Rat;FALSE;Antagonist;Antagonist;4.7
perospirone;D2 receptor;Human;TRUE;Antagonist;Antagonist;9.2
perospirone;D3 receptor;Human;TRUE;Antagonist;Antagonist;9.6
perospirone;D4 receptor;Human;TRUE;Antagonist;Antagonist;10.1
perphenazine;5-HT2A receptor;Human;FALSE;Antagonist;Antagonist;8.2
perphenazine;5-HT2C receptor;Human;FALSE;Antagonist;Antagonist;6.9
perphenazine;5-HT6 receptor;Human;FALSE;Antagonist;Inverse agonist;7.1
perphenazine;5-HT7 receptor;Human;FALSE;Antagonist;Inverse agonist;7.2
perphenazine;D2 receptor;Human;TRUE;Antagonist;Antagonist;9.2
perphenazine;H1 receptor;Human;FALSE;Antagonist;Antagonist;8.1
PGE1;DP1 receptor;Human;FALSE;Agonist;Full agonist;7.3
PGE1;EP1 receptor;Human;TRUE;Agonist;Full agonist;6.8
PGE1;EP2 receptor;Human;FALSE;Agonist;Full agonist;8.0
PGE1;EP3 receptor;Mouse/Rat;FALSE;Agonist;Full agonist;9.0
PGE1;EP4 receptor;Human;FALSE;Agonist;Full agonist;8.8
PGE1;IP receptor;Human;FALSE;Agonist;Full agonist;6.6
PGE2;DP1 receptor;Human;FALSE;Agonist;Full agonist;6.7
PGE2;DP2 receptor;Human;FALSE;Agonist;Full agonist;5.3
PGE2;EP1 receptor;Human;FALSE;Agonist;Full agonist;7.6
PGE2;EP2 receptor;Human;TRUE;Agonist;Full agonist;7.9
PGE2;EP3 receptor;Human;FALSE;Agonist;Full agonist;9.5
PGE2;EP4 receptor;Human;FALSE;Agonist;Full agonist;8.6
PGE2;FP receptor;Human;FALSE;Agonist;Full agonist;6.6
PGE2;TP receptor;Human;FALSE;Agonist;Full agonist;4.5
PGI2;EP1 receptor;Human;TRUE;Agonist;Full agonist;4.8
PGI2;EP4 receptor;Human;FALSE;Agonist;Full agonist;5.1
PGI2;IP receptor;Human;FALSE;Agonist;Agonist;7.8
phenoxybenzamine;alpha2B-adrenoceptor;Human;TRUE;Antagonist;Antagonist;8.5
phentolamine;alpha1A-adrenoceptor;Human;TRUE;Antagonist;Antagonist;8.6
phentolamine;alpha1B-adrenoceptor;Human;TRUE;Antagonist;Antagonist;7.5
phentolamine;alpha1D-adrenoceptor;Human;TRUE;Antagonist;Inverse agonist;8.2
phentolamine;alpha2A-adrenoceptor;Human;FALSE;Antagonist;Antagonist;8.4
phentolamine;alpha2B-adrenoceptor;Human;FALSE;Antagonist;Antagonist;8.2
phentolamine;alpha2C-adrenoceptor;Human;FALSE;Antagonist;Antagonist;7.7
phenylephrine;alpha1A-adrenoceptor;Human;TRUE;Agonist;Full agonist;5.3
phenylephrine;alpha1D-adrenoceptor;Rat;FALSE;Agonist;Full agonist;5.9
pilocarpine;M1 receptor;Human;FALSE;Agonist;Partial agonist;5.1
pilocarpine;M2 receptor;Human;FALSE;Agonist;Partial agonist;4.9
pilocarpine;M3 receptor;Human;TRUE;Agonist;Partial agonist;5.1
pilocarpine;M4 receptor;Human;FALSE;Agonist;Partial agonist;5.2
pilocarpine;M5 receptor;Human;FALSE;Agonist;Partial agonist;5.0
pimavanserin;5-HT2A receptor;Human;TRUE;Antagonist;Inverse agonist;9.3
pimozide;5-HT1A receptor;Human;FALSE;Antagonist;Antagonist;6.8
pimozide;5-HT2A receptor;Human;TRUE;Antagonist;Antagonist;7.4
pimozide;5-HT6 receptor;Rat;FALSE;Antagonist;Antagonist;7.2
pimozide;5-HT7 receptor;Rat;FALSE;Antagonist;Antagonist;9.3
pimozide;D2 receptor;Human;TRUE;Antagonist;Antagonist;7.8
pimozide;D3 receptor;Human;FALSE;Antagonist;Antagonist;7.8
pimozide;H1 receptor;Human;FALSE;Antagonist;Antagonist;6.2
pindolol;5-HT1A receptor;Human;FALSE;Antagonist;Antagonist;8.1
pindolol;5-HT2A receptor;Human;FALSE;Agonist/Antagonist;Full agonist/Antagonist;5.0
pindolol;5-HT2B receptor;Human;FALSE;Agonist/Antagonist;Full agonist/Antagonist;5.7
pindolol;beta1-adrenoceptor;Human;TRUE;Agonist;Partial agonist;9.3
pindolol;beta2-adrenoceptor;Human;TRUE;Agonist;Partial agonist;9.4
pipotiazine;D2 receptor;Human;TRUE;Antagonist;Antagonist;9.7
pirenzepine;M1 receptor;Human;TRUE;Antagonist;Antagonist;8.0
pirenzepine;M2 receptor;Human;FALSE;Antagonist;Antagonist;6.3
pirenzepine;M3 receptor;Human;FALSE;Antagonist;Antagonist;6.6
pirenzepine;M4 receptor;Human;FALSE;Antagonist;Antagonist;7.3
pirenzepine;M5 receptor;Human;FALSE;Antagonist;Antagonist;6.9
pitolisant;H1 receptor;Human;FALSE;Antagonist;Antagonist;5.8
pitolisant;H2 receptor;Human;FALSE;Antagonist;Antagonist;5.0
pitolisant;H3 receptor;Human;TRUE;Antagonist;Antagonist;8.3
pitolisant;H4 receptor;Human;FALSE;Antagonist;Antagonist;4.0
pizotifen;5-HT1A receptor;Human;FALSE;Antagonist;Antagonist;7.4
plerixafor;CXCR4;Human;FALSE;Antagonist;Antagonist;6.8
practolol;beta1-adrenoceptor;Human;TRUE;Antagonist;Antagonist;6.4
pralmorelin;ghrelin receptor;Rat;FALSE;Agonist;Full agonist;9.3
pramipexole;D2 receptor;Human;TRUE;Agonist;Full agonist;6.1
pramipexole;D3 receptor;Human;TRUE;Agonist;Full agonist;8.5
pranlukast;CysLT1 receptor;Human;TRUE;Antagonist;Antagonist;7.9
prazosin;alpha1A-adrenoceptor;Human;TRUE;Antagonist;Inverse agonist;9.4
prazosin;alpha1B-adrenoceptor;Human;TRUE;Antagonist;Inverse agonist;9.7
prazosin;alpha1D-adrenoceptor;Human;TRUE;Antagonist;Inverse agonist;9.8
prazosin;alpha2A-adrenoceptor;Human;FALSE;Antagonist;Antagonist;5.9
prazosin;alpha2B-adrenoceptor;Human;FALSE;Antagonist;Antagonist;6.9
prazosin;alpha2C-adrenoceptor;Human;FALSE;Antagonist;Antagonist;7.3
prochlorperazine;D1 receptor;Human;FALSE;Antagonist;Antagonist;7.1
prochlorperazine;D2 receptor;Human;TRUE;Antagonist;Antagonist;8.4
prochlorperazine;D3 receptor;Human;TRUE;Antagonist;Antagonist;8.4
prochlorperazine;D4 receptor;Human;FALSE;Antagonist;Antagonist;6.1
promazine;D2 receptor;Human;TRUE;Antagonist;Antagonist;6.5
promazine;D3 receptor;Human;TRUE;Antagonist;Antagonist;6.8
promethazine;H1 receptor;Human;TRUE;Antagonist;Antagonist;9.6
propafenone;beta1-adrenoceptor;Human;TRUE;Antagonist;Antagonist;6.7
propafenone;beta2-adrenoceptor;Human;FALSE;Antagonist;Antagonist;7.4
propantheline;M1 receptor;Human;TRUE;Antagonist;Antagonist;9.7
propantheline;M2 receptor;Human;TRUE;Antagonist;Antagonist;9.5
propantheline;M3 receptor;Human;TRUE;Antagonist;Antagonist;10.0
propantheline;M4 receptor;Human;FALSE;Antagonist;Antagonist;10.2
propranolol;beta2-adrenoceptor;Human;TRUE;Antagonist;Antagonist;9.3
propranolol;beta3-adrenoceptor;Human;TRUE;Antagonist;Antagonist;6.7
prucalopride;5-HT4 receptor;Human;FALSE;Agonist;Partial agonist;7.8
quetiapine;5-HT1A receptor;Human;FALSE;Agonist;Full agonist;6.5
quetiapine;5-HT1D receptor;Human;FALSE;Agonist;Full agonist;5.7
quetiapine;5-ht1e receptor;Human;FALSE;Agonist;Full agonist;5.9
quetiapine;5-HT1F receptor;Human;FALSE;Agonist;Full agonist;5.6
quetiapine;5-HT2A receptor;Human;FALSE;Agonist/Antagonist;Full agonist/Antagonist;6.8
quetiapine;D2 receptor;Human;TRUE;Antagonist;Antagonist;7.2
quetiapine;H1 receptor;Human;FALSE;Antagonist;Antagonist;8.3
raloxifene;GPER;Human;FALSE;Agonist;Full agonist;7.0
ramelteon;MT1 receptor;Human;TRUE;Agonist;Full agonist;10.9
ramelteon;MT2 receptor;Human;TRUE;Agonist;Full agonist;10.0
ranitidine;H2 receptor;Human;TRUE;Antagonist;Antagonist;7.1
regadenoson;A1 receptor;Human;FALSE;Agonist;Agonist;5.0
regadenoson;A2A receptor;Human;TRUE;Agonist;Agonist;6.5
regadenoson;A2B receptor;Human;FALSE;Agonist;Agonist;5.0
regadenoson;A3 receptor;Human;FALSE;Agonist;Agonist;5.0
revefenacin;M1 receptor;Human;FALSE;Antagonist;Antagonist;9.4
revefenacin;M2 receptor;Human;FALSE;Antagonist;Antagonist;9.5
revefenacin;M3 receptor;Human;FALSE;Antagonist;Antagonist;9.8
revefenacin;M4 receptor;Human;FALSE;Antagonist;Antagonist;9.3
revefenacin;M5 receptor;Human;FALSE;Antagonist;Antagonist;8.2
rimonabant;CB1 receptor;Human;FALSE;Antagonist;Antagonist;8.3
risperidone;5-HT1A receptor;Human;FALSE;Antagonist;Antagonist;6.4
risperidone;5-HT1B receptor;Human;TRUE;Antagonist;Antagonist;6.9
risperidone;5-HT1D receptor;Human;TRUE;Antagonist;Antagonist;7.9
risperidone;5-ht1e receptor;Human;FALSE;Antagonist;Antagonist;5.9
risperidone;5-HT1F receptor;Human;FALSE;Antagonist;Antagonist;5.9
risperidone;5-HT2A receptor;Human;TRUE;Antagonist;Inverse agonist;9.6
risperidone;5-HT2C receptor;Human;FALSE;Antagonist;Inverse agonist;7.5
risperidone;5-HT6 receptor;Human;FALSE;Antagonist;Antagonist;5.6
risperidone;5-HT7 receptor;Human;FALSE;Antagonist;Inverse agonist;8.5
risperidone;alpha1A-adrenoceptor;Human;FALSE;Antagonist;Antagonist;8.4
risperidone;alpha1B-adrenoceptor;Human;FALSE;Antagonist;Antagonist;8.0
risperidone;alpha1D-adrenoceptor;Human;FALSE;Antagonist;Antagonist;7.4
risperidone;D2 receptor;Human;TRUE;Antagonist;Antagonist;9.4
risperidone;D3 receptor;Human;FALSE;Antagonist;Antagonist;7.0
risperidone;H1 receptor;Human;FALSE;Antagonist;Antagonist;7.7
rizatriptan;5-HT1A receptor;Human;FALSE;Agonist;Full agonist;6.4
rizatriptan;5-HT1B receptor;Human;TRUE;Agonist;Partial agonist;6.9
rizatriptan;5-HT1D receptor;Human;TRUE;Agonist;Full agonist;7.9
rizatriptan;5-ht1e receptor;Human;FALSE;Agonist;Full agonist;6.8
rizatriptan;5-HT1F receptor;Human;FALSE;Agonist;Full agonist;6.6
rolapitant;NK1 receptor;Human;FALSE;Antagonist;Antagonist;9.2
ropinirole;D2 receptor;Human;TRUE;Agonist;Agonist;8.1
ropinirole;D3 receptor;Human;TRUE;Agonist;Agonist;7.7
rotigotine;D1 receptor;Human;FALSE;Agonist;Full agonist;5.6
rotigotine;D2 receptor;Human;TRUE;Agonist;Agonist;10.2
rotigotine;D3 receptor;Human;FALSE;Agonist;Agonist;8.4
rotigotine;D4 receptor;Human;FALSE;Agonist;Agonist;7.3
rotigotine;D5 receptor;Human;FALSE;Agonist;Full agonist;6.0
rupatadine;H1 receptor;Guinea pig;FALSE;Antagonist;Antagonist;7.0
rupatadine;PAF receptor;Human;FALSE;Antagonist;Antagonist;5.4
salbutamol;beta2-adrenoceptor;Human;TRUE;Agonist;Partial agonist;5.9
sarpogrelate;5-HT2A receptor;Human;FALSE;Antagonist;Antagonist;8.5
sarpogrelate;5-HT2B receptor;Human;FALSE;Antagonist;Antagonist;6.6
sarpogrelate;5-HT2C receptor;Human;FALSE;Antagonist;Antagonist;7.4
scopolamine;M1 receptor;Human;TRUE;Antagonist;Antagonist;9.0
scopolamine;M2 receptor;Human;FALSE;Antagonist;Antagonist;8.7
scopolamine;M3 receptor;Human;FALSE;Antagonist;Antagonist;9.4
scopolamine;M4 receptor;Human;FALSE;Antagonist;Antagonist;9.5
selexipag;IP receptor;Human;FALSE;Agonist;Agonist;6.6
sertindole;5-HT1A receptor;Human;FALSE;Antagonist;Antagonist;6.5
sertindole;5-HT1B receptor;Human;FALSE;Antagonist;Antagonist;7.0
sertindole;5-HT1D receptor;Human;FALSE;Antagonist;Antagonist;7.2
sertindole;5-ht1e receptor;Human;FALSE;Antagonist;Antagonist;6.4
sertindole;5-HT1F receptor;Human;FALSE;Antagonist;Antagonist;6.4
sertindole;5-HT2A receptor;Human;TRUE;Antagonist;Antagonist;9.3
sertindole;5-HT2C receptor;Human;TRUE;Antagonist;Inverse agonist;9.1
sertindole;D2 receptor;Human;TRUE;Antagonist;Antagonist;8.0
sertindole;D3 receptor;Human;TRUE;Antagonist;Antagonist;8.4
sertindole;D4 receptor;Human;TRUE;Antagonist;Antagonist;8.4
sertindole;H1 receptor;Human;FALSE;Antagonist;Antagonist;6.9
silodosin;alpha1A-adrenoceptor;Human;TRUE;Antagonist;Antagonist;10.4
silodosin;alpha1B-adrenoceptor;Human;FALSE;Antagonist;Antagonist;7.7
silodosin;alpha1D-adrenoceptor;Human;FALSE;Antagonist;Antagonist;8.7
solifenacin;M1 receptor;Human;FALSE;Antagonist;Antagonist;7.6
solifenacin;M2 receptor;Human;FALSE;Antagonist;Antagonist;7.0
solifenacin;M3 receptor;Human;FALSE;Antagonist;Antagonist;7.8
solifenacin;M4 receptor;Human;FALSE;Antagonist;Antagonist;6.8
solifenacin;M5 receptor;Human;FALSE;Antagonist;Antagonist;7.2
sonidegib;SMO;Human;TRUE;Antagonist;Antagonist;8.2
sotalol;beta1-adrenoceptor;Human;TRUE;Antagonist;Antagonist;6.1
sotalol;beta2-adrenoceptor;Human;TRUE;Antagonist;Antagonist;6.5
sufentanil;mu receptor;Human;TRUE;Agonist;Full agonist;9.9
sulpiride;D2 receptor;Human;TRUE;Antagonist;Antagonist;7.3
sulpiride;D3 receptor;Human;TRUE;Antagonist;Antagonist;7.2
sulpiride;D4 receptor;Human;FALSE;Antagonist;Antagonist;6.6
sumatriptan;5-HT1A receptor;Human;FALSE;Agonist;Full agonist;6.0
sumatriptan;5-HT1B receptor;Human;TRUE;Agonist;Partial agonist;7.3
sumatriptan;5-HT1D receptor;Human;TRUE;Agonist;Full agonist;8.3
sumatriptan;5-ht1e receptor;Human;FALSE;Agonist;Full agonist;5.7
sumatriptan;5-HT1F receptor;Human;FALSE;Agonist;Full agonist;7.5
sumatriptan;5-HT5A receptor;Human;FALSE;Agonist;Full agonist;5.3
sumatriptan;5-HT6 receptor;Human;FALSE;Antagonist;Antagonist;5.6
sumatriptan;5-HT7 receptor;Human;FALSE;Antagonist;Antagonist;5.8
suramin;P2Y1 receptor;Human;FALSE;Antagonist;Antagonist;5.3
suvorexant;OX1 receptor;Human;TRUE;Antagonist;Antagonist;9.0
suvorexant;OX2 receptor;Human;TRUE;Antagonist;Antagonist;9.2
tamoxifen;GPER;Human;FALSE;Agonist;Full agonist;6.0
tamsulosin;alpha1A-adrenoceptor;Human;TRUE;Antagonist;Antagonist;10.3
tamsulosin;alpha1B-adrenoceptor;Human;TRUE;Antagonist;Inverse agonist;9.6
tamsulosin;alpha1D-adrenoceptor;Human;TRUE;Antagonist;Antagonist;10.0
tapentadol;mu receptor;Human;TRUE;Agonist;Agonist;6.8
tasimelteon;MT1 receptor;Human;TRUE;Agonist;Full agonist;9.5
tasimelteon;MT2 receptor;Human;TRUE;Agonist;Full agonist;10.2
tegaserod;5-HT2B receptor;Human;FALSE;Antagonist;Antagonist;8.4
tegaserod;5-HT4 receptor;Human;FALSE;Agonist;Partial agonist;8.0
terazosin;alpha1A-adrenoceptor;Human;TRUE;Antagonist;Antagonist;8.7
terazosin;alpha1B-adrenoceptor;Human;TRUE;Antagonist;Antagonist;8.6
terazosin;alpha1D-adrenoceptor;Human;TRUE;Antagonist;Antagonist;9.1
terbutaline;beta2-adrenoceptor;Human;TRUE;Agonist;Partial agonist;5.6
terfenadine;H1 receptor;Human;TRUE;Antagonist;Antagonist;7.4
terguride;5-HT1A receptor;Human;FALSE;Agonist;Partial agonist;8.5
terguride;5-HT1B receptor;Human;FALSE;Agonist;Partial agonist;6.6
terguride;5-HT1D receptor;Human;FALSE;Agonist;Partial agonist;7.8
terguride;5-HT2A receptor;Human;FALSE;Agonist;Partial agonist;8.3
terguride;5-HT2B receptor;Human;FALSE;Antagonist;Antagonist;8.2
terguride;5-HT2C receptor;Human;FALSE;Antagonist;Antagonist;7.3
terguride;alpha1A-adrenoceptor;Human;FALSE;Antagonist;Antagonist;8.5
terguride;alpha2A-adrenoceptor;Human;FALSE;Antagonist;Antagonist;9.5
terguride;alpha2B-adrenoceptor;Human;FALSE;Antagonist;Antagonist;9.4
terguride;alpha2C-adrenoceptor;Human;FALSE;Antagonist;Antagonist;9.1
terguride;D2 receptor;Human;FALSE;Agonist/Antagonist;Partial agonist/Antagonist;9.0
terguride;D3 receptor;Human;FALSE;Agonist;Partial agonist;9.0
terguride;D4 receptor;Human;FALSE;Antagonist;Antagonist;8.1
theophylline;A1 receptor;Human;FALSE;Antagonist;Antagonist;5.0
theophylline;A2A receptor;Human;TRUE;Antagonist;Antagonist;5.5
theophylline;A2B receptor;Human;TRUE;Antagonist;Antagonist;4.7
theophylline;A3 receptor;Human;FALSE;Antagonist;Antagonist;4.4
thioridazine;5-HT1A receptor;Human;FALSE;Antagonist;Antagonist;7.1
thioridazine;5-HT2A receptor;Human;TRUE;Antagonist;Antagonist;7.7
thioridazine;5-HT2C receptor;Human;TRUE;Antagonist;Antagonist;7.2
thioridazine;5-HT6 receptor;Human;FALSE;Antagonist;Inverse agonist;7.2
thioridazine;5-HT7 receptor;Human;FALSE;Antagonist;Inverse agonist;7.1
thioridazine;D1 receptor;Human;FALSE;Antagonist;Antagonist;7.0
thioridazine;D5 receptor;Human;FALSE;Antagonist;Antagonist;5.6
thioridazine;H1 receptor;Human;FALSE;Antagonist;Antagonist;7.7
thiothixene;5-HT2A receptor;Human;TRUE;Antagonist;Antagonist;7.3
thiothixene;H1 receptor;Human;FALSE;Antagonist;Antagonist;8.4
ticagrelor;P2Y12 receptor;Human;TRUE;Antagonist;Antagonist;8.2
timolol;beta2-adrenoceptor;Human;TRUE;Antagonist;Antagonist;9.7
tiotropium;M1 receptor;Human;FALSE;Antagonist;Antagonist;9.6
tiotropium;M2 receptor;Human;FALSE;Antagonist;Antagonist;9.9
tiotropium;M3 receptor;Human;TRUE;Antagonist;Antagonist;10.3
tolazoline;alpha2A-adrenoceptor;Human;TRUE;Antagonist;Antagonist;6.7
tolazoline;alpha2B-adrenoceptor;Human;TRUE;Antagonist;Antagonist;5.5
tolazoline;alpha2C-adrenoceptor;Human;TRUE;Antagonist;Antagonist;5.4
tolterodine;M1 receptor;Human;FALSE;Antagonist;Antagonist;8.6
tolterodine;M2 receptor;Human;FALSE;Antagonist;Inverse agonist;8.5
tolterodine;M3 receptor;Human;FALSE;Antagonist;Antagonist;8.4
tolterodine;M4 receptor;Human;FALSE;Antagonist;Antagonist;8.3
tolterodine;M5 receptor;Human;FALSE;Antagonist;Antagonist;8.6
tolvaptan;V1A receptor;Human;FALSE;Antagonist;Antagonist;7.9
tolvaptan;V2 receptor;Human;TRUE;Antagonist;Antagonist;9.4
tramadol;delta receptor;Human;FALSE;Agonist;Agonist;8.0
tramadol;kappa receptor;Human;FALSE;Agonist;Agonist;7.8
tramadol;mu receptor;Human;FALSE;Agonist;Agonist;5.8
trazodone;5-HT2A receptor;Human;TRUE;Antagonist;Antagonist;7.4
trazodone;5-HT2B receptor;Human;FALSE;Antagonist;Antagonist;7.1
trazodone;5-HT2C receptor;Human;TRUE;Antagonist;Antagonist;6.6
treprostinil;DP1 receptor;Human;FALSE;Agonist;Full agonist;8.4
treprostinil;EP1 receptor;Human;FALSE;Agonist;Full agonist;6.7
treprostinil;EP2 receptor;Human;FALSE;Agonist;Full agonist;8.4
treprostinil;EP3 receptor;Human;FALSE;Agonist;Full agonist;5.6
treprostinil;EP4 receptor;Human;FALSE;Agonist;Agonist;6.1
treprostinil;IP receptor;Human;TRUE;Agonist;Full agonist;7.5
TRH;TRH1 receptor;Rat;TRUE;Agonist;Full agonist;7.4
TRH;TRH2 receptor;Rat;FALSE;Agonist;Full agonist;7.4
trifluoperazine;5-HT2A receptor;Human;FALSE;Antagonist;Antagonist;7.9
trifluoperazine;5-HT2C receptor;Human;FALSE;Antagonist;Antagonist;6.4
trifluoperazine;D2 receptor;Human;TRUE;Antagonist;Antagonist;8.9
trifluoperazine;D4 receptor;Human;FALSE;Antagonist;Antagonist;7.4
trifluoperazine;H1 receptor;Human;FALSE;Antagonist;Antagonist;7.2
trihexyphenidyl;M1 receptor;Human;TRUE;Antagonist;Antagonist;8.9
triprolidine;H1 receptor;Human;TRUE;Antagonist;Antagonist;8.7
triptorelin;GnRH1 receptor;Human;FALSE;Agonist;Full agonist;9.4
tropicamide;M3 receptor;Human;TRUE;Antagonist;Antagonist;7.5
tropisetron;5-HT4 receptor;Human;FALSE;Antagonist;Antagonist;6.7
umeclidinium;M1 receptor;Human;FALSE;Antagonist;Antagonist;9.8
umeclidinium;M2 receptor;Human;FALSE;Antagonist;Antagonist;9.8
umeclidinium;M3 receptor;Human;FALSE;Antagonist;Antagonist;10.2
umeclidinium;M4 receptor;Human;FALSE;Antagonist;Antagonist;10.3
umeclidinium;M5 receptor;Human;FALSE;Antagonist;Antagonist;9.9
vapreotide;SST2 receptor;Human;TRUE;Agonist;Full agonist;9.2
vapreotide;SST3 receptor;Human;TRUE;Agonist;Full agonist;7.6
vapreotide;SST5 receptor;Human;TRUE;Agonist;Full agonist;8.2
vasopressin;OT receptor;Human;FALSE;Agonist;Partial agonist;8.2
vasopressin;V1A receptor;Human;TRUE;Agonist;Full agonist;8.9
vasopressin;V1B receptor;Human;TRUE;Agonist;Full agonist;9.2
vasopressin;V2 receptor;Human;TRUE;Agonist;Full agonist;8.5
vilazodone;5-HT1A receptor;Human;TRUE;Agonist;Partial agonist;9.7
vismodegib;SMO;Human;TRUE;Antagonist;Antagonist;7.8
vorapaxar;PAR1;Human;TRUE;Antagonist;Antagonist;8.1
vortioxetine;5-HT1A receptor;Human;TRUE;Agonist;Partial agonist;7.8
vortioxetine;5-HT1B receptor;Human;TRUE;Agonist;Partial agonist;7.5
vortioxetine;5-HT2A receptor;Human;FALSE;Antagonist;Antagonist;6.7
vortioxetine;5-HT6 receptor;Human;FALSE;Antagonist;Antagonist;6.5
vortioxetine;5-HT7 receptor;Human;TRUE;Antagonist;Antagonist;6.3
xylometazoline;alpha1D-adrenoceptor;Rat;FALSE;Agonist;Full agonist;6.0
yohimbine;5-HT1A receptor;Human;FALSE;Antagonist;Antagonist;7.3
yohimbine;5-HT1B receptor;Human;FALSE;Antagonist;Antagonist;7.2
yohimbine;5-HT1D receptor;Human;FALSE;Antagonist;Antagonist;7.4
yohimbine;5-ht1e receptor;Human;FALSE;Antagonist;Antagonist;5.9
yohimbine;5-HT1F receptor;Human;FALSE;Antagonist;Antagonist;7.0
yohimbine;5-HT2B receptor;Human;FALSE;Antagonist;Antagonist;7.6
yohimbine;5-HT5A receptor;Human;FALSE;Antagonist;Antagonist;5.3
yohimbine;5-HT7 receptor;Human;FALSE;Antagonist;Antagonist;5.6
yohimbine;alpha2A-adrenoceptor;Human;TRUE;Antagonist;Antagonist;8.8
yohimbine;alpha2B-adrenoceptor;Human;TRUE;Antagonist;Antagonist;8.4
yohimbine;alpha2C-adrenoceptor;Human;TRUE;Antagonist;Antagonist;9.0
zafirlukast;CysLT1 receptor;Human;TRUE;Antagonist;Antagonist;8.9
ziprasidone;5-HT1A receptor;Human;FALSE;Agonist;Partial agonist;8.4
ziprasidone;5-HT1B receptor;Human;FALSE;Agonist;Full agonist;8.3
ziprasidone;5-HT1D receptor;Human;FALSE;Agonist;Full agonist;9.0
ziprasidone;5-ht1e receptor;Human;FALSE;Agonist;Full agonist;6.4
ziprasidone;5-HT2A receptor;Human;TRUE;Antagonist;Antagonist;9.1
ziprasidone;5-HT2C receptor;Human;TRUE;Antagonist;Inverse agonist;8.4
ziprasidone;5-HT7 receptor;Human;FALSE;Antagonist;Inverse agonist;8.4
ziprasidone;D2 receptor;Human;TRUE;Antagonist;Antagonist;8.6
ziprasidone;H1 receptor;Human;FALSE;Antagonist;Antagonist;7.6
zolmitriptan;5-HT1A receptor;Human;FALSE;Agonist;Full agonist;6.6
zolmitriptan;5-HT1B receptor;Human;TRUE;Agonist;Partial agonist;7.7
zolmitriptan;5-HT1D receptor;Human;TRUE;Agonist;Full agonist;8.9
zolmitriptan;5-ht1e receptor;Human;FALSE;Agonist;Full agonist;7.7
zolmitriptan;5-HT1F receptor;Human;FALSE;Agonist;Full agonist;7.4
zotepine;5-HT1A receptor;Human;FALSE;Antagonist;Antagonist;6.5
zotepine;5-HT1B receptor;Human;FALSE;Antagonist;Antagonist;7.2
zotepine;5-HT1D receptor;Human;FALSE;Antagonist;Antagonist;9.3
zotepine;5-ht1e receptor;Human;FALSE;Antagonist;Antagonist;6.5
zotepine;5-HT2A receptor;Human;FALSE;Antagonist;Antagonist;8.6
zotepine;5-HT2C receptor;Human;FALSE;Antagonist;Inverse agonist;8.6
zotepine;5-HT6 receptor;Human;FALSE;Antagonist;Inverse agonist;8.3
zotepine;5-HT7 receptor;Human;FALSE;Antagonist;Inverse agonist;8.4
zotepine;alpha2B-adrenoceptor;Human;FALSE;Antagonist;Antagonist;8.2
zotepine;D2 receptor;Human;FALSE;Antagonist;Antagonist;8.0
zotepine;D3 receptor;Human;FALSE;Antagonist;Antagonist;8.2
zotepine;D4 receptor;Human;FALSE;Antagonist;Antagonist;7.4
zotepine;H1 receptor;Human;FALSE;Antagonist;Antagonist;9.2